﻿[{"defroute":"123.123.123.123","ifaces":[{"addrs":[{"IP":"1.0.0.2","mask":"24"},{"IP":"321.123.123.123","mask":"23"}],"name":"em0","descr":"external","Net":"vnet2"},{"addrs":[{"IP":"2.0.0.1","mask":"24"},{"IP":"2.0.0.3","mask":"23"}],"name":"em1","descr":"internal","Net":"vnet3"}],"name":"DNS"},{"defroute":"2.0.0.1","ifaces":[{"addrs":[{"IP":"2.0.0.2","mask":"24"}],"name":"em0","descr":"external","Net":"vnet4"},{"addrs":[{"IP":"172.17.6.6","mask":"22"},{"IP":"10.0.0.3","mask":"24"}],"name":"em1","descr":"external","Net":"vnet5"}],"name":"Admin"}]